quintile,next_month_ret
1,0.0020523670001139772
2,0.0017233208454818575
3,0.0027791540807159255
